ENTIDAD,NOM_ENT,MUN,NOM_MUN,LOC,NOM_LOC,AGEB,MZA,POBTOT,CVEGEO_1
31,Yucatán,79,Tekax,1,Tekax de Álvaro Obregón,25,1,60.00,3107900010025001
31,Yucatán,79,Tekax,1,Tekax de Álvaro Obregón,25,2,83.00,3107900010025002
31,Yucatán,79,Tekax,1,Tekax de Álvaro Obregón,25,3,85.00,3107900010025003
31,Yucatán,79,Tekax,1,Tekax de Álvaro Obregón,25,4,78.00,3107900010025004
31,Yucatán,79,Tekax,1,Tekax de Álvaro Obregón,25,5,64.00,3107900010025005
31,Yucatán,79,Tekax,1,Tekax de Álvaro Obregón,25,6,55.00,3107900010025006
31,Yucatán,79,Tekax,1,Tekax de Álvaro Obregón,25,7,59.00,3107900010025007
31,Yucatán,79,Tekax,1,Tekax de Álvaro Obregón,25,8,79.00,3107900010025008
31,Yucatán,79,Tekax,1,Tekax de Álvaro Obregón,25,9,44.00,3107900010025009
31,Yucatán,79,Tekax,1,Tekax de Álvaro Obregón,25,10,78.00,3107900010025010
31,Yucatán,79,Tekax,1,Tekax de Álvaro Obregón,25,11,73.00,3107900010025011
31,Yucatán,79,Tekax,1,Tekax de Álvaro Obregón,25,12,84.00,3107900010025012
31,Yucatán,79,Tekax,1,Tekax de Álvaro Obregón,25,13,98.00,3107900010025013
31,Yucatán,79,Tekax,1,Tekax de Álvaro Obregón,25,14,76.00,3107900010025014
31,Yucatán,79,Tekax,1,Tekax de Álvaro Obregón,25,15,73.00,3107900010025015
31,Yucatán,79,Tekax,1,Tekax de Álvaro Obregón,25,16,33.00,3107900010025016
31,Yucatán,79,Tekax,1,Tekax de Álvaro Obregón,25,17,62.00,3107900010025017
31,Yucatán,79,Tekax,1,Tekax de Álvaro Obregón,25,18,64.00,3107900010025018
31,Yucatán,79,Tekax,1,Tekax de Álvaro Obregón,25,19,74.00,3107900010025019
31,Yucatán,79,Tekax,1,Tekax de Álvaro Obregón,25,20,66.00,3107900010025020
31,Yucatán,79,Tekax,1,Tekax de Álvaro Obregón,25,21,42.00,3107900010025021
31,Yucatán,79,Tekax,1,Tekax de Álvaro Obregón,25,22,61.00,3107900010025022
31,Yucatán,79,Tekax,1,Tekax de Álvaro Obregón,25,23,61.00,3107900010025023
31,Yucatán,79,Tekax,1,Tekax de Álvaro Obregón,25,24,42.00,3107900010025024
31,Yucatán,79,Tekax,1,Tekax de Álvaro Obregón,25,25,71.00,3107900010025025
31,Yucatán,79,Tekax,1,Tekax de Álvaro Obregón,25,26,103.00,3107900010025026
31,Yucatán,79,Tekax,1,Tekax de Álvaro Obregón,25,27,93.00,3107900010025027
31,Yucatán,79,Tekax,1,Tekax de Álvaro Obregón,25,28,57.00,3107900010025028
31,Yucatán,79,Tekax,1,Tekax de Álvaro Obregón,25,29,45.00,3107900010025029
31,Yucatán,79,Tekax,1,Tekax de Álvaro Obregón,25,30,35.00,3107900010025030
31,Yucatán,79,Tekax,1,Tekax de Álvaro Obregón,25,31,61.00,3107900010025031
31,Yucatán,79,Tekax,1,Tekax de Álvaro Obregón,25,32,70.00,3107900010025032
31,Yucatán,79,Tekax,1,Tekax de Álvaro Obregón,25,35,54.00,3107900010025035
31,Yucatán,79,Tekax,1,Tekax de Álvaro Obregón,25,36,65.00,3107900010025036
31,Yucatán,79,Tekax,1,Tekax de Álvaro Obregón,25,37,68.00,3107900010025037
31,Yucatán,79,Tekax,1,Tekax de Álvaro Obregón,25,38,103.00,3107900010025038
31,Yucatán,79,Tekax,1,Tekax de Álvaro Obregón,25,39,43.00,3107900010025039
31,Yucatán,79,Tekax,1,Tekax de Álvaro Obregón,25,40,99.00,3107900010025040
31,Yucatán,79,Tekax,1,Tekax de Álvaro Obregón,25,41,72.00,3107900010025041
31,Yucatán,79,Tekax,1,Tekax de Álvaro Obregón,25,42,88.00,3107900010025042
31,Yucatán,79,Tekax,1,Tekax de Álvaro Obregón,25,43,109.00,3107900010025043
31,Yucatán,79,Tekax,1,Tekax de Álvaro Obregón,25,44,169.00,3107900010025044
31,Yucatán,79,Tekax,1,Tekax de Álvaro Obregón,25,47,2.00,3107900010025047
31,Yucatán,79,Tekax,1,Tekax de Álvaro Obregón,25,48,23.00,3107900010025048
31,Yucatán,79,Tekax,1,Tekax de Álvaro Obregón,25,49,61.00,3107900010025049
31,Yucatán,79,Tekax,1,Tekax de Álvaro Obregón,25,53,6.00,3107900010025053
31,Yucatán,79,Tekax,1,Tekax de Álvaro Obregón,25,54,0.00,3107900010025054
31,Yucatán,79,Tekax,1,Tekax de Álvaro Obregón,25,56,1.00,3107900010025056
31,Yucatán,79,Tekax,1,Tekax de Álvaro Obregón,25,57,0.00,3107900010025057
31,Yucatán,79,Tekax,1,Total AGEB urbana,468,0,1999.00,3107900010468000
31,Yucatán,79,Tekax,1,Tekax de Álvaro Obregón,468,1,45.00,3107900010468001
31,Yucatán,79,Tekax,1,Tekax de Álvaro Obregón,468,2,16.00,3107900010468002
31,Yucatán,79,Tekax,1,Tekax de Álvaro Obregón,468,3,76.00,3107900010468003
31,Yucatán,79,Tekax,1,Tekax de Álvaro Obregón,468,4,43.00,3107900010468004
31,Yucatán,79,Tekax,1,Tekax de Álvaro Obregón,468,5,46.00,3107900010468005
31,Yucatán,79,Tekax,1,Tekax de Álvaro Obregón,468,6,57.00,3107900010468006
31,Yucatán,79,Tekax,1,Tekax de Álvaro Obregón,468,7,85.00,3107900010468007
31,Yucatán,79,Tekax,1,Tekax de Álvaro Obregón,468,8,0.00,3107900010468008
31,Yucatán,79,Tekax,1,Tekax de Álvaro Obregón,468,9,9.00,3107900010468009
31,Yucatán,79,Tekax,1,Tekax de Álvaro Obregón,468,10,6.00,3107900010468010
31,Yucatán,79,Tekax,1,Tekax de Álvaro Obregón,468,11,50.00,3107900010468011
31,Yucatán,79,Tekax,1,Tekax de Álvaro Obregón,468,12,61.00,3107900010468012
31,Yucatán,79,Tekax,1,Tekax de Álvaro Obregón,468,13,28.00,3107900010468013
31,Yucatán,79,Tekax,1,Tekax de Álvaro Obregón,468,14,46.00,3107900010468014
31,Yucatán,79,Tekax,1,Tekax de Álvaro Obregón,468,15,75.00,3107900010468015
31,Yucatán,79,Tekax,1,Tekax de Álvaro Obregón,468,16,107.00,3107900010468016
31,Yucatán,79,Tekax,1,Tekax de Álvaro Obregón,468,17,34.00,3107900010468017
31,Yucatán,79,Tekax,1,Tekax de Álvaro Obregón,468,18,89.00,3107900010468018
31,Yucatán,79,Tekax,1,Tekax de Álvaro Obregón,468,19,162.00,3107900010468019
31,Yucatán,79,Tekax,1,Tekax de Álvaro Obregón,468,20,8.00,3107900010468020
31,Yucatán,79,Tekax,1,Tekax de Álvaro Obregón,468,21,227.00,3107900010468021
31,Yucatán,79,Tekax,1,Tekax de Álvaro Obregón,468,22,0.00,3107900010468022
31,Yucatán,79,Tekax,1,Tekax de Álvaro Obregón,468,23,36.00,3107900010468023
31,Yucatán,79,Tekax,1,Tekax de Álvaro Obregón,468,24,46.00,3107900010468024
31,Yucatán,79,Tekax,1,Tekax de Álvaro Obregón,468,25,59.00,3107900010468025
31,Yucatán,79,Tekax,1,Tekax de Álvaro Obregón,468,26,50.00,3107900010468026
31,Yucatán,79,Tekax,1,Tekax de Álvaro Obregón,468,27,15.00,3107900010468027
31,Yucatán,79,Tekax,1,Tekax de Álvaro Obregón,468,28,29.00,3107900010468028
31,Yucatán,79,Tekax,1,Tekax de Álvaro Obregón,468,29,10.00,3107900010468029
31,Yucatán,79,Tekax,1,Tekax de Álvaro Obregón,468,30,18.00,3107900010468030
31,Yucatán,79,Tekax,1,Tekax de Álvaro Obregón,468,31,9.00,3107900010468031
31,Yucatán,79,Tekax,1,Tekax de Álvaro Obregón,468,32,17.00,3107900010468032
31,Yucatán,79,Tekax,1,Tekax de Álvaro Obregón,468,33,6.00,3107900010468033
31,Yucatán,79,Tekax,1,Tekax de Álvaro Obregón,468,34,4.00,3107900010468034
31,Yucatán,79,Tekax,1,Tekax de Álvaro Obregón,468,35,12.00,3107900010468035
31,Yucatán,79,Tekax,1,Tekax de Álvaro Obregón,468,37,14.00,3107900010468037
31,Yucatán,79,Tekax,1,Tekax de Álvaro Obregón,468,38,19.00,3107900010468038
31,Yucatán,79,Tekax,1,Tekax de Álvaro Obregón,468,39,40.00,3107900010468039
31,Yucatán,79,Tekax,1,Tekax de Álvaro Obregón,468,40,62.00,3107900010468040
31,Yucatán,79,Tekax,1,Tekax de Álvaro Obregón,468,41,44.00,3107900010468041
31,Yucatán,79,Tekax,1,Tekax de Álvaro Obregón,468,42,33.00,3107900010468042
31,Yucatán,79,Tekax,1,Tekax de Álvaro Obregón,468,43,28.00,3107900010468043
31,Yucatán,79,Tekax,1,Tekax de Álvaro Obregón,468,44,38.00,3107900010468044
31,Yucatán,79,Tekax,1,Tekax de Álvaro Obregón,468,45,8.00,3107900010468045
31,Yucatán,79,Tekax,1,Tekax de Álvaro Obregón,468,46,15.00,3107900010468046
31,Yucatán,79,Tekax,1,Tekax de Álvaro Obregón,468,47,10.00,3107900010468047
31,Yucatán,79,Tekax,1,Tekax de Álvaro Obregón,468,48,16.00,3107900010468048
31,Yucatán,79,Tekax,1,Tekax de Álvaro Obregón,468,49,7.00,3107900010468049
31,Yucatán,79,Tekax,1,Tekax de Álvaro Obregón,468,51,4.00,3107900010468051
31,Yucatán,79,Tekax,1,Tekax de Álvaro Obregón,468,52,18.00,3107900010468052
31,Yucatán,79,Tekax,1,Tekax de Álvaro Obregón,468,53,16.00,3107900010468053
31,Yucatán,79,Tekax,1,Tekax de Álvaro Obregón,468,54,46.00,3107900010468054
31,Yucatán,79,Tekax,1,Tekax de Álvaro Obregón,468,800,0.00,3107900010468800
31,Yucatán,79,Tekax,1,Total AGEB urbana,472,0,2831.00,3107900010472000
31,Yucatán,79,Tekax,1,Tekax de Álvaro Obregón,472,1,89.00,3107900010472001
31,Yucatán,79,Tekax,1,Tekax de Álvaro Obregón,472,2,78.00,3107900010472002
31,Yucatán,79,Tekax,1,Tekax de Álvaro Obregón,472,3,109.00,3107900010472003
31,Yucatán,79,Tekax,1,Tekax de Álvaro Obregón,472,4,109.00,3107900010472004
31,Yucatán,79,Tekax,1,Tekax de Álvaro Obregón,472,5,27.00,3107900010472005
31,Yucatán,79,Tekax,1,Tekax de Álvaro Obregón,472,6,26.00,3107900010472006
31,Yucatán,79,Tekax,1,Tekax de Álvaro Obregón,472,7,101.00,3107900010472007
31,Yucatán,79,Tekax,1,Tekax de Álvaro Obregón,472,8,77.00,3107900010472008
31,Yucatán,79,Tekax,1,Tekax de Álvaro Obregón,472,9,105.00,3107900010472009
31,Yucatán,79,Tekax,1,Tekax de Álvaro Obregón,472,10,76.00,3107900010472010
31,Yucatán,79,Tekax,1,Tekax de Álvaro Obregón,472,11,56.00,3107900010472011
31,Yucatán,79,Tekax,1,Tekax de Álvaro Obregón,472,12,89.00,3107900010472012
31,Yucatán,79,Tekax,1,Tekax de Álvaro Obregón,472,13,70.00,3107900010472013
31,Yucatán,79,Tekax,1,Tekax de Álvaro Obregón,472,14,109.00,3107900010472014
31,Yucatán,79,Tekax,1,Tekax de Álvaro Obregón,472,15,63.00,3107900010472015
31,Yucatán,79,Tekax,1,Tekax de Álvaro Obregón,472,16,42.00,3107900010472016
31,Yucatán,79,Tekax,1,Tekax de Álvaro Obregón,472,17,47.00,3107900010472017
31,Yucatán,79,Tekax,1,Tekax de Álvaro Obregón,472,18,65.00,3107900010472018
31,Yucatán,79,Tekax,1,Tekax de Álvaro Obregón,472,19,77.00,3107900010472019
31,Yucatán,79,Tekax,1,Tekax de Álvaro Obregón,472,20,77.00,3107900010472020
31,Yucatán,79,Tekax,1,Tekax de Álvaro Obregón,472,21,90.00,3107900010472021
31,Yucatán,79,Tekax,1,Tekax de Álvaro Obregón,472,22,72.00,3107900010472022
31,Yucatán,79,Tekax,1,Tekax de Álvaro Obregón,472,23,0.00,3107900010472023
31,Yucatán,79,Tekax,1,Tekax de Álvaro Obregón,472,24,32.00,3107900010472024
31,Yucatán,79,Tekax,1,Tekax de Álvaro Obregón,472,25,41.00,3107900010472025
31,Yucatán,79,Tekax,1,Tekax de Álvaro Obregón,472,26,63.00,3107900010472026
31,Yucatán,79,Tekax,1,Tekax de Álvaro Obregón,472,27,32.00,3107900010472027
31,Yucatán,79,Tekax,1,Tekax de Álvaro Obregón,472,28,21.00,3107900010472028
31,Yucatán,79,Tekax,1,Tekax de Álvaro Obregón,472,29,40.00,3107900010472029
31,Yucatán,79,Tekax,1,Tekax de Álvaro Obregón,472,30,35.00,3107900010472030
31,Yucatán,79,Tekax,1,Tekax de Álvaro Obregón,472,31,0.00,3107900010472031
31,Yucatán,79,Tekax,1,Tekax de Álvaro Obregón,472,32,33.00,3107900010472032
31,Yucatán,79,Tekax,1,Tekax de Álvaro Obregón,472,33,24.00,3107900010472033
31,Yucatán,79,Tekax,1,Tekax de Álvaro Obregón,472,35,32.00,3107900010472035
31,Yucatán,79,Tekax,1,Tekax de Álvaro Obregón,472,36,10.00,3107900010472036
31,Yucatán,79,Tekax,1,Tekax de Álvaro Obregón,472,37,102.00,3107900010472037
31,Yucatán,79,Tekax,1,Tekax de Álvaro Obregón,472,38,115.00,3107900010472038
31,Yucatán,79,Tekax,1,Tekax de Álvaro Obregón,472,39,31.00,3107900010472039
31,Yucatán,79,Tekax,1,Tekax de Álvaro Obregón,472,40,19.00,3107900010472040
31,Yucatán,79,Tekax,1,Tekax de Álvaro Obregón,472,41,50.00,3107900010472041
31,Yucatán,79,Tekax,1,Tekax de Álvaro Obregón,472,42,44.00,3107900010472042
31,Yucatán,79,Tekax,1,Tekax de Álvaro Obregón,472,43,50.00,3107900010472043
31,Yucatán,79,Tekax,1,Tekax de Álvaro Obregón,472,44,118.00,3107900010472044
31,Yucatán,79,Tekax,1,Tekax de Álvaro Obregón,472,45,67.00,3107900010472045
31,Yucatán,79,Tekax,1,Tekax de Álvaro Obregón,472,46,52.00,3107900010472046
31,Yucatán,79,Tekax,1,Tekax de Álvaro Obregón,472,52,12.00,3107900010472052
31,Yucatán,79,Tekax,1,Tekax de Álvaro Obregón,472,53,14.00,3107900010472053
31,Yucatán,79,Tekax,1,Tekax de Álvaro Obregón,472,54,11.00,3107900010472054
31,Yucatán,79,Tekax,1,Tekax de Álvaro Obregón,472,55,17.00,3107900010472055
31,Yucatán,79,Tekax,1,Tekax de Álvaro Obregón,472,56,43.00,3107900010472056
31,Yucatán,79,Tekax,1,Tekax de Álvaro Obregón,472,57,27.00,3107900010472057
31,Yucatán,79,Tekax,1,Tekax de Álvaro Obregón,472,58,42.00,3107900010472058
31,Yucatán,79,Tekax,1,Tekax de Álvaro Obregón,472,59,0.00,3107900010472059
31,Yucatán,79,Tekax,1,Total AGEB urbana,487,0,2763.00,3107900010487000
31,Yucatán,79,Tekax,1,Tekax de Álvaro Obregón,487,1,67.00,3107900010487001
31,Yucatán,79,Tekax,1,Tekax de Álvaro Obregón,487,2,63.00,3107900010487002
31,Yucatán,79,Tekax,1,Tekax de Álvaro Obregón,487,3,107.00,3107900010487003
31,Yucatán,79,Tekax,1,Tekax de Álvaro Obregón,487,4,96.00,3107900010487004
31,Yucatán,79,Tekax,1,Tekax de Álvaro Obregón,487,5,55.00,3107900010487005
31,Yucatán,79,Tekax,1,Tekax de Álvaro Obregón,487,6,91.00,3107900010487006
31,Yucatán,79,Tekax,1,Tekax de Álvaro Obregón,487,7,140.00,3107900010487007
31,Yucatán,79,Tekax,1,Tekax de Álvaro Obregón,487,8,91.00,3107900010487008
31,Yucatán,79,Tekax,1,Tekax de Álvaro Obregón,487,9,78.00,3107900010487009
31,Yucatán,79,Tekax,1,Tekax de Álvaro Obregón,487,10,69.00,3107900010487010
31,Yucatán,79,Tekax,1,Tekax de Álvaro Obregón,487,11,47.00,3107900010487011
31,Yucatán,79,Tekax,1,Tekax de Álvaro Obregón,487,12,80.00,3107900010487012
31,Yucatán,79,Tekax,1,Tekax de Álvaro Obregón,487,13,104.00,3107900010487013
31,Yucatán,79,Tekax,1,Tekax de Álvaro Obregón,487,14,0.00,3107900010487014
31,Yucatán,79,Tekax,1,Tekax de Álvaro Obregón,487,15,64.00,3107900010487015
31,Yucatán,79,Tekax,1,Tekax de Álvaro Obregón,487,16,83.00,3107900010487016
31,Yucatán,79,Tekax,1,Tekax de Álvaro Obregón,487,17,76.00,3107900010487017
31,Yucatán,79,Tekax,1,Tekax de Álvaro Obregón,487,18,108.00,3107900010487018
31,Yucatán,79,Tekax,1,Tekax de Álvaro Obregón,487,19,70.00,3107900010487019
31,Yucatán,79,Tekax,1,Tekax de Álvaro Obregón,487,20,15.00,3107900010487020
31,Yucatán,79,Tekax,1,Tekax de Álvaro Obregón,487,21,95.00,3107900010487021
31,Yucatán,79,Tekax,1,Tekax de Álvaro Obregón,487,22,52.00,3107900010487022
31,Yucatán,79,Tekax,1,Tekax de Álvaro Obregón,487,23,86.00,3107900010487023
31,Yucatán,79,Tekax,1,Tekax de Álvaro Obregón,487,24,66.00,3107900010487024
31,Yucatán,79,Tekax,1,Tekax de Álvaro Obregón,487,25,46.00,3107900010487025
31,Yucatán,79,Tekax,1,Tekax de Álvaro Obregón,487,26,78.00,3107900010487026
31,Yucatán,79,Tekax,1,Tekax de Álvaro Obregón,487,27,82.00,3107900010487027
31,Yucatán,79,Tekax,1,Tekax de Álvaro Obregón,487,29,39.00,3107900010487029
31,Yucatán,79,Tekax,1,Tekax de Álvaro Obregón,487,30,88.00,3107900010487030
31,Yucatán,79,Tekax,1,Tekax de Álvaro Obregón,487,31,160.00,3107900010487031
31,Yucatán,79,Tekax,1,Tekax de Álvaro Obregón,487,32,83.00,3107900010487032
31,Yucatán,79,Tekax,1,Tekax de Álvaro Obregón,487,33,0.00,3107900010487033
31,Yucatán,79,Tekax,1,Tekax de Álvaro Obregón,487,35,73.00,3107900010487035
31,Yucatán,79,Tekax,1,Tekax de Álvaro Obregón,487,36,24.00,3107900010487036
31,Yucatán,79,Tekax,1,Tekax de Álvaro Obregón,487,37,35.00,3107900010487037
31,Yucatán,79,Tekax,1,Tekax de Álvaro Obregón,487,38,17.00,3107900010487038
31,Yucatán,79,Tekax,1,Tekax de Álvaro Obregón,487,39,35.00,3107900010487039
31,Yucatán,79,Tekax,1,Tekax de Álvaro Obregón,487,40,54.00,3107900010487040
31,Yucatán,79,Tekax,1,Tekax de Álvaro Obregón,487,41,60.00,3107900010487041
31,Yucatán,79,Tekax,1,Tekax de Álvaro Obregón,487,42,12.00,3107900010487042
31,Yucatán,79,Tekax,1,Tekax de Álvaro Obregón,487,43,20.00,3107900010487043
31,Yucatán,79,Tekax,1,Tekax de Álvaro Obregón,487,44,0.00,3107900010487044
31,Yucatán,79,Tekax,1,Tekax de Álvaro Obregón,487,46,2.00,3107900010487046
31,Yucatán,79,Tekax,1,Tekax de Álvaro Obregón,487,47,37.00,3107900010487047
31,Yucatán,79,Tekax,1,Tekax de Álvaro Obregón,487,48,0.00,3107900010487048
31,Yucatán,79,Tekax,1,Tekax de Álvaro Obregón,487,49,5.00,3107900010487049
31,Yucatán,79,Tekax,1,Tekax de Álvaro Obregón,487,50,0.00,3107900010487050
31,Yucatán,79,Tekax,1,Tekax de Álvaro Obregón,487,800,10.00,3107900010487800
31,Yucatán,79,Tekax,1,Total AGEB urbana,491,0,1564.00,3107900010491000
31,Yucatán,79,Tekax,1,Tekax de Álvaro Obregón,491,1,88.00,3107900010491001
31,Yucatán,79,Tekax,1,Tekax de Álvaro Obregón,491,2,16.00,3107900010491002
31,Yucatán,79,Tekax,1,Tekax de Álvaro Obregón,491,3,7.00,3107900010491003
31,Yucatán,79,Tekax,1,Tekax de Álvaro Obregón,491,4,0.00,3107900010491004
31,Yucatán,79,Tekax,1,Tekax de Álvaro Obregón,491,5,7.00,3107900010491005
31,Yucatán,79,Tekax,1,Tekax de Álvaro Obregón,491,6,3.00,3107900010491006
31,Yucatán,79,Tekax,1,Tekax de Álvaro Obregón,491,7,61.00,3107900010491007
31,Yucatán,79,Tekax,1,Tekax de Álvaro Obregón,491,8,43.00,3107900010491008
31,Yucatán,79,Tekax,1,Tekax de Álvaro Obregón,491,9,59.00,3107900010491009
31,Yucatán,79,Tekax,1,Tekax de Álvaro Obregón,491,10,58.00,3107900010491010
31,Yucatán,79,Tekax,1,Tekax de Álvaro Obregón,491,11,62.00,3107900010491011
31,Yucatán,79,Tekax,1,Tekax de Álvaro Obregón,491,12,45.00,3107900010491012
31,Yucatán,79,Tekax,1,Tekax de Álvaro Obregón,491,13,25.00,3107900010491013
31,Yucatán,79,Tekax,1,Tekax de Álvaro Obregón,491,14,0.00,3107900010491014
31,Yucatán,79,Tekax,1,Tekax de Álvaro Obregón,491,16,17.00,3107900010491016
31,Yucatán,79,Tekax,1,Tekax de Álvaro Obregón,491,17,38.00,3107900010491017
31,Yucatán,79,Tekax,1,Tekax de Álvaro Obregón,491,18,49.00,3107900010491018
31,Yucatán,79,Tekax,1,Tekax de Álvaro Obregón,491,19,21.00,3107900010491019
31,Yucatán,79,Tekax,1,Tekax de Álvaro Obregón,491,20,42.00,3107900010491020
31,Yucatán,79,Tekax,1,Tekax de Álvaro Obregón,491,21,84.00,3107900010491021
31,Yucatán,79,Tekax,1,Tekax de Álvaro Obregón,491,22,61.00,3107900010491022
31,Yucatán,79,Tekax,1,Tekax de Álvaro Obregón,491,23,70.00,3107900010491023
31,Yucatán,79,Tekax,1,Tekax de Álvaro Obregón,491,24,72.00,3107900010491024
31,Yucatán,79,Tekax,1,Tekax de Álvaro Obregón,491,25,63.00,3107900010491025
31,Yucatán,79,Tekax,1,Tekax de Álvaro Obregón,491,26,106.00,3107900010491026
31,Yucatán,79,Tekax,1,Tekax de Álvaro Obregón,491,27,34.00,3107900010491027
31,Yucatán,79,Tekax,1,Tekax de Álvaro Obregón,491,28,92.00,3107900010491028
31,Yucatán,79,Tekax,1,Tekax de Álvaro Obregón,491,29,76.00,3107900010491029
31,Yucatán,79,Tekax,1,Tekax de Álvaro Obregón,491,30,36.00,3107900010491030
31,Yucatán,79,Tekax,1,Tekax de Álvaro Obregón,491,31,36.00,3107900010491031
31,Yucatán,79,Tekax,1,Tekax de Álvaro Obregón,491,32,29.00,3107900010491032
31,Yucatán,79,Tekax,1,Tekax de Álvaro Obregón,491,33,0.00,3107900010491033
31,Yucatán,79,Tekax,1,Tekax de Álvaro Obregón,491,34,0.00,3107900010491034
31,Yucatán,79,Tekax,1,Tekax de Álvaro Obregón,491,36,50.00,3107900010491036
31,Yucatán,79,Tekax,1,Tekax de Álvaro Obregón,491,37,65.00,3107900010491037
31,Yucatán,79,Tekax,1,Tekax de Álvaro Obregón,491,38,41.00,3107900010491038
31,Yucatán,79,Tekax,1,Tekax de Álvaro Obregón,491,40,0.00,3107900010491040
31,Yucatán,79,Tekax,1,Tekax de Álvaro Obregón,491,43,8.00,3107900010491043
31,Yucatán,79,Tekax,1,Total AGEB urbana,504,0,2243.00,3107900010504000
31,Yucatán,79,Tekax,1,Tekax de Álvaro Obregón,504,1,82.00,3107900010504001
31,Yucatán,79,Tekax,1,Tekax de Álvaro Obregón,504,2,70.00,3107900010504002
31,Yucatán,79,Tekax,1,Tekax de Álvaro Obregón,504,3,84.00,3107900010504003
31,Yucatán,79,Tekax,1,Tekax de Álvaro Obregón,504,5,71.00,3107900010504005
31,Yucatán,79,Tekax,1,Tekax de Álvaro Obregón,504,7,117.00,3107900010504007
31,Yucatán,79,Tekax,1,Tekax de Álvaro Obregón,504,8,90.00,3107900010504008
31,Yucatán,79,Tekax,1,Tekax de Álvaro Obregón,504,9,0.00,3107900010504009
31,Yucatán,79,Tekax,1,Tekax de Álvaro Obregón,504,10,72.00,3107900010504010
31,Yucatán,79,Tekax,1,Tekax de Álvaro Obregón,504,11,98.00,3107900010504011
31,Yucatán,79,Tekax,1,Tekax de Álvaro Obregón,504,12,87.00,3107900010504012
31,Yucatán,79,Tekax,1,Tekax de Álvaro Obregón,504,13,27.00,3107900010504013
31,Yucatán,79,Tekax,1,Tekax de Álvaro Obregón,504,14,70.00,3107900010504014
31,Yucatán,79,Tekax,1,Tekax de Álvaro Obregón,504,15,47.00,3107900010504015
31,Yucatán,79,Tekax,1,Tekax de Álvaro Obregón,504,16,57.00,3107900010504016
31,Yucatán,79,Tekax,1,Tekax de Álvaro Obregón,504,18,50.00,3107900010504018
31,Yucatán,79,Tekax,1,Tekax de Álvaro Obregón,504,19,74.00,3107900010504019
31,Yucatán,79,Tekax,1,Tekax de Álvaro Obregón,504,20,58.00,3107900010504020
31,Yucatán,79,Tekax,1,Tekax de Álvaro Obregón,504,21,95.00,3107900010504021
31,Yucatán,79,Tekax,1,Tekax de Álvaro Obregón,504,22,87.00,3107900010504022
31,Yucatán,79,Tekax,1,Tekax de Álvaro Obregón,504,23,74.00,3107900010504023
31,Yucatán,79,Tekax,1,Tekax de Álvaro Obregón,504,24,69.00,3107900010504024
31,Yucatán,79,Tekax,1,Tekax de Álvaro Obregón,504,25,36.00,3107900010504025
31,Yucatán,79,Tekax,1,Tekax de Álvaro Obregón,504,26,67.00,3107900010504026
31,Yucatán,79,Tekax,1,Tekax de Álvaro Obregón,504,27,40.00,3107900010504027
31,Yucatán,79,Tekax,1,Tekax de Álvaro Obregón,504,28,101.00,3107900010504028
31,Yucatán,79,Tekax,1,Tekax de Álvaro Obregón,504,29,130.00,3107900010504029
31,Yucatán,79,Tekax,1,Tekax de Álvaro Obregón,504,30,103.00,3107900010504030
31,Yucatán,79,Tekax,1,Tekax de Álvaro Obregón,504,31,54.00,3107900010504031
31,Yucatán,79,Tekax,1,Tekax de Álvaro Obregón,504,32,76.00,3107900010504032
31,Yucatán,79,Tekax,1,Tekax de Álvaro Obregón,504,33,22.00,3107900010504033
31,Yucatán,79,Tekax,1,Tekax de Álvaro Obregón,504,34,26.00,3107900010504034
31,Yucatán,79,Tekax,1,Tekax de Álvaro Obregón,504,35,28.00,3107900010504035
31,Yucatán,79,Tekax,1,Tekax de Álvaro Obregón,504,36,25.00,3107900010504036
31,Yucatán,79,Tekax,1,Tekax de Álvaro Obregón,504,37,4.00,3107900010504037
31,Yucatán,79,Tekax,1,Tekax de Álvaro Obregón,504,38,19.00,3107900010504038
31,Yucatán,79,Tekax,1,Tekax de Álvaro Obregón,504,39,6.00,3107900010504039
31,Yucatán,79,Tekax,1,Tekax de Álvaro Obregón,504,40,9.00,3107900010504040
31,Yucatán,79,Tekax,1,Tekax de Álvaro Obregón,504,41,0.00,3107900010504041
31,Yucatán,79,Tekax,1,Tekax de Álvaro Obregón,504,42,11.00,3107900010504042
31,Yucatán,79,Tekax,1,Tekax de Álvaro Obregón,504,43,7.00,3107900010504043
31,Yucatán,79,Tekax,1,Total AGEB urbana,519,0,1410.00,3107900010519000
31,Yucatán,79,Tekax,1,Tekax de Álvaro Obregón,519,1,46.00,3107900010519001
31,Yucatán,79,Tekax,1,Tekax de Álvaro Obregón,519,2,24.00,3107900010519002
31,Yucatán,79,Tekax,1,Tekax de Álvaro Obregón,519,3,40.00,3107900010519003
31,Yucatán,79,Tekax,1,Tekax de Álvaro Obregón,519,4,31.00,3107900010519004
31,Yucatán,79,Tekax,1,Tekax de Álvaro Obregón,519,5,40.00,3107900010519005
31,Yucatán,79,Tekax,1,Tekax de Álvaro Obregón,519,6,41.00,3107900010519006
31,Yucatán,79,Tekax,1,Tekax de Álvaro Obregón,519,7,49.00,3107900010519007
31,Yucatán,79,Tekax,1,Tekax de Álvaro Obregón,519,8,87.00,3107900010519008
31,Yucatán,79,Tekax,1,Tekax de Álvaro Obregón,519,9,52.00,3107900010519009
31,Yucatán,79,Tekax,1,Tekax de Álvaro Obregón,519,10,34.00,3107900010519010
31,Yucatán,79,Tekax,1,Tekax de Álvaro Obregón,519,11,17.00,3107900010519011
31,Yucatán,79,Tekax,1,Tekax de Álvaro Obregón,519,12,35.00,3107900010519012
31,Yucatán,79,Tekax,1,Tekax de Álvaro Obregón,519,13,51.00,3107900010519013
31,Yucatán,79,Tekax,1,Tekax de Álvaro Obregón,519,14,65.00,3107900010519014
31,Yucatán,79,Tekax,1,Tekax de Álvaro Obregón,519,15,55.00,3107900010519015
31,Yucatán,79,Tekax,1,Tekax de Álvaro Obregón,519,16,55.00,3107900010519016
31,Yucatán,79,Tekax,1,Tekax de Álvaro Obregón,519,17,46.00,3107900010519017
31,Yucatán,79,Tekax,1,Tekax de Álvaro Obregón,519,18,51.00,3107900010519018
31,Yucatán,79,Tekax,1,Tekax de Álvaro Obregón,519,19,63.00,3107900010519019
31,Yucatán,79,Tekax,1,Tekax de Álvaro Obregón,519,20,65.00,3107900010519020
31,Yucatán,79,Tekax,1,Tekax de Álvaro Obregón,519,21,69.00,3107900010519021
31,Yucatán,79,Tekax,1,Tekax de Álvaro Obregón,519,22,40.00,3107900010519022
31,Yucatán,79,Tekax,1,Tekax de Álvaro Obregón,519,23,65.00,3107900010519023
31,Yucatán,79,Tekax,1,Tekax de Álvaro Obregón,519,24,28.00,3107900010519024
31,Yucatán,79,Tekax,1,Tekax de Álvaro Obregón,519,25,80.00,3107900010519025
31,Yucatán,79,Tekax,1,Tekax de Álvaro Obregón,519,26,96.00,3107900010519026
31,Yucatán,79,Tekax,1,Tekax de Álvaro Obregón,519,27,65.00,3107900010519027
31,Yucatán,79,Tekax,1,Tekax de Álvaro Obregón,519,28,20.00,3107900010519028
31,Yucatán,79,Tekax,1,Total AGEB urbana,523,0,1730.00,3107900010523000
31,Yucatán,79,Tekax,1,Tekax de Álvaro Obregón,523,1,96.00,3107900010523001
31,Yucatán,79,Tekax,1,Tekax de Álvaro Obregón,523,2,95.00,3107900010523002
31,Yucatán,79,Tekax,1,Tekax de Álvaro Obregón,523,3,66.00,3107900010523003
31,Yucatán,79,Tekax,1,Tekax de Álvaro Obregón,523,4,43.00,3107900010523004
31,Yucatán,79,Tekax,1,Tekax de Álvaro Obregón,523,5,79.00,3107900010523005
31,Yucatán,79,Tekax,1,Tekax de Álvaro Obregón,523,6,72.00,3107900010523006
31,Yucatán,79,Tekax,1,Tekax de Álvaro Obregón,523,7,73.00,3107900010523007
31,Yucatán,79,Tekax,1,Tekax de Álvaro Obregón,523,8,74.00,3107900010523008
31,Yucatán,79,Tekax,1,Tekax de Álvaro Obregón,523,9,100.00,3107900010523009
31,Yucatán,79,Tekax,1,Tekax de Álvaro Obregón,523,10,5.00,3107900010523010
31,Yucatán,79,Tekax,1,Tekax de Álvaro Obregón,523,11,89.00,3107900010523011
31,Yucatán,79,Tekax,1,Tekax de Álvaro Obregón,523,12,57.00,3107900010523012
31,Yucatán,79,Tekax,1,Tekax de Álvaro Obregón,523,13,40.00,3107900010523013
31,Yucatán,79,Tekax,1,Tekax de Álvaro Obregón,523,14,45.00,3107900010523014
31,Yucatán,79,Tekax,1,Tekax de Álvaro Obregón,523,15,39.00,3107900010523015
31,Yucatán,79,Tekax,1,Tekax de Álvaro Obregón,523,16,102.00,3107900010523016
31,Yucatán,79,Tekax,1,Tekax de Álvaro Obregón,523,17,89.00,3107900010523017
31,Yucatán,79,Tekax,1,Tekax de Álvaro Obregón,523,18,74.00,3107900010523018
31,Yucatán,79,Tekax,1,Tekax de Álvaro Obregón,523,19,73.00,3107900010523019
31,Yucatán,79,Tekax,1,Tekax de Álvaro Obregón,523,20,83.00,3107900010523020
31,Yucatán,79,Tekax,1,Tekax de Álvaro Obregón,523,21,47.00,3107900010523021
31,Yucatán,79,Tekax,1,Tekax de Álvaro Obregón,523,22,0.00,3107900010523022
31,Yucatán,79,Tekax,1,Tekax de Álvaro Obregón,523,23,98.00,3107900010523023
31,Yucatán,79,Tekax,1,Tekax de Álvaro Obregón,523,24,117.00,3107900010523024
31,Yucatán,79,Tekax,1,Tekax de Álvaro Obregón,523,25,74.00,3107900010523025
31,Yucatán,79,Tekax,1,Total AGEB urbana,538,0,1488.00,3107900010538000
31,Yucatán,79,Tekax,1,Tekax de Álvaro Obregón,538,1,77.00,3107900010538001
31,Yucatán,79,Tekax,1,Tekax de Álvaro Obregón,538,2,54.00,3107900010538002
31,Yucatán,79,Tekax,1,Tekax de Álvaro Obregón,538,3,72.00,3107900010538003
31,Yucatán,79,Tekax,1,Tekax de Álvaro Obregón,538,4,65.00,3107900010538004
31,Yucatán,79,Tekax,1,Tekax de Álvaro Obregón,538,5,31.00,3107900010538005
31,Yucatán,79,Tekax,1,Tekax de Álvaro Obregón,538,6,50.00,3107900010538006
31,Yucatán,79,Tekax,1,Tekax de Álvaro Obregón,538,7,0.00,3107900010538007
31,Yucatán,79,Tekax,1,Tekax de Álvaro Obregón,538,8,97.00,3107900010538008
31,Yucatán,79,Tekax,1,Tekax de Álvaro Obregón,538,9,75.00,3107900010538009
31,Yucatán,79,Tekax,1,Tekax de Álvaro Obregón,538,10,24.00,3107900010538010
31,Yucatán,79,Tekax,1,Tekax de Álvaro Obregón,538,11,34.00,3107900010538011
31,Yucatán,79,Tekax,1,Tekax de Álvaro Obregón,538,12,72.00,3107900010538012
31,Yucatán,79,Tekax,1,Tekax de Álvaro Obregón,538,13,107.00,3107900010538013
31,Yucatán,79,Tekax,1,Tekax de Álvaro Obregón,538,14,104.00,3107900010538014
31,Yucatán,79,Tekax,1,Tekax de Álvaro Obregón,538,15,61.00,3107900010538015
31,Yucatán,79,Tekax,1,Tekax de Álvaro Obregón,538,16,84.00,3107900010538016
31,Yucatán,79,Tekax,1,Tekax de Álvaro Obregón,538,17,57.00,3107900010538017
31,Yucatán,79,Tekax,1,Tekax de Álvaro Obregón,538,18,57.00,3107900010538018
31,Yucatán,79,Tekax,1,Tekax de Álvaro Obregón,538,19,14.00,3107900010538019
31,Yucatán,79,Tekax,1,Tekax de Álvaro Obregón,538,20,61.00,3107900010538020
31,Yucatán,79,Tekax,1,Tekax de Álvaro Obregón,538,21,52.00,3107900010538021
31,Yucatán,79,Tekax,1,Tekax de Álvaro Obregón,538,22,30.00,3107900010538022
31,Yucatán,79,Tekax,1,Tekax de Álvaro Obregón,538,23,47.00,3107900010538023
31,Yucatán,79,Tekax,1,Tekax de Álvaro Obregón,538,24,28.00,3107900010538024
31,Yucatán,79,Tekax,1,Tekax de Álvaro Obregón,538,25,67.00,3107900010538025
31,Yucatán,79,Tekax,1,Tekax de Álvaro Obregón,538,26,31.00,3107900010538026
31,Yucatán,79,Tekax,1,Tekax de Álvaro Obregón,538,27,19.00,3107900010538027
31,Yucatán,79,Tekax,1,Tekax de Álvaro Obregón,538,28,18.00,3107900010538028
31,Yucatán,79,Tekax,1,Tekax de Álvaro Obregón,538,29,0.00,3107900010538029
31,Yucatán,79,Tekax,1,Total AGEB urbana,542,0,4051.00,3107900010542000
31,Yucatán,79,Tekax,1,Tekax de Álvaro Obregón,542,1,30.00,3107900010542001
31,Yucatán,79,Tekax,1,Tekax de Álvaro Obregón,542,2,142.00,3107900010542002
31,Yucatán,79,Tekax,1,Tekax de Álvaro Obregón,542,3,69.00,3107900010542003
31,Yucatán,79,Tekax,1,Tekax de Álvaro Obregón,542,4,28.00,3107900010542004
31,Yucatán,79,Tekax,1,Tekax de Álvaro Obregón,542,5,71.00,3107900010542005
31,Yucatán,79,Tekax,1,Tekax de Álvaro Obregón,542,6,73.00,3107900010542006
31,Yucatán,79,Tekax,1,Tekax de Álvaro Obregón,542,7,77.00,3107900010542007
31,Yucatán,79,Tekax,1,Tekax de Álvaro Obregón,542,8,64.00,3107900010542008
31,Yucatán,79,Tekax,1,Tekax de Álvaro Obregón,542,9,108.00,3107900010542009
31,Yucatán,79,Tekax,1,Tekax de Álvaro Obregón,542,10,158.00,3107900010542010
31,Yucatán,79,Tekax,1,Tekax de Álvaro Obregón,542,11,92.00,3107900010542011
31,Yucatán,79,Tekax,1,Tekax de Álvaro Obregón,542,12,99.00,3107900010542012
31,Yucatán,79,Tekax,1,Tekax de Álvaro Obregón,542,13,83.00,3107900010542013
31,Yucatán,79,Tekax,1,Tekax de Álvaro Obregón,542,14,88.00,3107900010542014
31,Yucatán,79,Tekax,1,Tekax de Álvaro Obregón,542,15,54.00,3107900010542015
31,Yucatán,79,Tekax,1,Tekax de Álvaro Obregón,542,16,59.00,3107900010542016
31,Yucatán,79,Tekax,1,Tekax de Álvaro Obregón,542,17,66.00,3107900010542017
31,Yucatán,79,Tekax,1,Tekax de Álvaro Obregón,542,18,69.00,3107900010542018
31,Yucatán,79,Tekax,1,Tekax de Álvaro Obregón,542,19,77.00,3107900010542019
31,Yucatán,79,Tekax,1,Tekax de Álvaro Obregón,542,20,108.00,3107900010542020
31,Yucatán,79,Tekax,1,Tekax de Álvaro Obregón,542,21,102.00,3107900010542021
31,Yucatán,79,Tekax,1,Tekax de Álvaro Obregón,542,22,163.00,3107900010542022
31,Yucatán,79,Tekax,1,Tekax de Álvaro Obregón,542,23,76.00,3107900010542023
31,Yucatán,79,Tekax,1,Tekax de Álvaro Obregón,542,24,85.00,3107900010542024
31,Yucatán,79,Tekax,1,Tekax de Álvaro Obregón,542,25,106.00,3107900010542025
31,Yucatán,79,Tekax,1,Tekax de Álvaro Obregón,542,26,152.00,3107900010542026
31,Yucatán,79,Tekax,1,Tekax de Álvaro Obregón,542,27,68.00,3107900010542027
31,Yucatán,79,Tekax,1,Tekax de Álvaro Obregón,542,28,69.00,3107900010542028
31,Yucatán,79,Tekax,1,Tekax de Álvaro Obregón,542,29,100.00,3107900010542029
31,Yucatán,79,Tekax,1,Tekax de Álvaro Obregón,542,30,38.00,3107900010542030
31,Yucatán,79,Tekax,1,Tekax de Álvaro Obregón,542,31,94.00,3107900010542031
31,Yucatán,79,Tekax,1,Tekax de Álvaro Obregón,542,32,100.00,3107900010542032
31,Yucatán,79,Tekax,1,Tekax de Álvaro Obregón,542,33,118.00,3107900010542033
31,Yucatán,79,Tekax,1,Tekax de Álvaro Obregón,542,34,66.00,3107900010542034
31,Yucatán,79,Tekax,1,Tekax de Álvaro Obregón,542,35,92.00,3107900010542035
31,Yucatán,79,Tekax,1,Tekax de Álvaro Obregón,542,36,44.00,3107900010542036
31,Yucatán,79,Tekax,1,Tekax de Álvaro Obregón,542,37,51.00,3107900010542037
31,Yucatán,79,Tekax,1,Tekax de Álvaro Obregón,542,38,23.00,3107900010542038
31,Yucatán,79,Tekax,1,Tekax de Álvaro Obregón,542,39,71.00,3107900010542039
31,Yucatán,79,Tekax,1,Tekax de Álvaro Obregón,542,40,63.00,3107900010542040
31,Yucatán,79,Tekax,1,Tekax de Álvaro Obregón,542,41,39.00,3107900010542041
31,Yucatán,79,Tekax,1,Tekax de Álvaro Obregón,542,42,123.00,3107900010542042
31,Yucatán,79,Tekax,1,Tekax de Álvaro Obregón,542,43,104.00,3107900010542043
31,Yucatán,79,Tekax,1,Tekax de Álvaro Obregón,542,44,70.00,3107900010542044
31,Yucatán,79,Tekax,1,Tekax de Álvaro Obregón,542,45,80.00,3107900010542045
31,Yucatán,79,Tekax,1,Tekax de Álvaro Obregón,542,46,74.00,3107900010542046
31,Yucatán,79,Tekax,1,Tekax de Álvaro Obregón,542,47,105.00,3107900010542047
31,Yucatán,79,Tekax,1,Tekax de Álvaro Obregón,542,48,108.00,3107900010542048
31,Yucatán,79,Tekax,1,Tekax de Álvaro Obregón,542,49,52.00,3107900010542049
31,Yucatán,79,Tekax,1,Total AGEB urbana,557,0,2917.00,3107900010557000
31,Yucatán,79,Tekax,1,Tekax de Álvaro Obregón,557,1,64.00,3107900010557001
31,Yucatán,79,Tekax,1,Tekax de Álvaro Obregón,557,2,60.00,3107900010557002
31,Yucatán,79,Tekax,1,Tekax de Álvaro Obregón,557,3,55.00,3107900010557003
31,Yucatán,79,Tekax,1,Tekax de Álvaro Obregón,557,4,61.00,3107900010557004
31,Yucatán,79,Tekax,1,Tekax de Álvaro Obregón,557,5,76.00,3107900010557005
31,Yucatán,79,Tekax,1,Tekax de Álvaro Obregón,557,6,70.00,3107900010557006
31,Yucatán,79,Tekax,1,Tekax de Álvaro Obregón,557,7,42.00,3107900010557007
31,Yucatán,79,Tekax,1,Tekax de Álvaro Obregón,557,8,82.00,3107900010557008
31,Yucatán,79,Tekax,1,Tekax de Álvaro Obregón,557,9,50.00,3107900010557009
31,Yucatán,79,Tekax,1,Tekax de Álvaro Obregón,557,10,35.00,3107900010557010
31,Yucatán,79,Tekax,1,Tekax de Álvaro Obregón,557,11,10.00,3107900010557011
31,Yucatán,79,Tekax,1,Tekax de Álvaro Obregón,557,12,31.00,3107900010557012
31,Yucatán,79,Tekax,1,Tekax de Álvaro Obregón,557,13,89.00,3107900010557013
31,Yucatán,79,Tekax,1,Tekax de Álvaro Obregón,557,14,81.00,3107900010557014
31,Yucatán,79,Tekax,1,Tekax de Álvaro Obregón,557,15,92.00,3107900010557015
31,Yucatán,79,Tekax,1,Tekax de Álvaro Obregón,557,16,85.00,3107900010557016
31,Yucatán,79,Tekax,1,Tekax de Álvaro Obregón,557,17,56.00,3107900010557017
31,Yucatán,79,Tekax,1,Tekax de Álvaro Obregón,557,18,55.00,3107900010557018
31,Yucatán,79,Tekax,1,Tekax de Álvaro Obregón,557,19,36.00,3107900010557019
31,Yucatán,79,Tekax,1,Tekax de Álvaro Obregón,557,20,71.00,3107900010557020
31,Yucatán,79,Tekax,1,Tekax de Álvaro Obregón,557,21,63.00,3107900010557021
31,Yucatán,79,Tekax,1,Tekax de Álvaro Obregón,557,22,73.00,3107900010557022
31,Yucatán,79,Tekax,1,Tekax de Álvaro Obregón,557,23,108.00,3107900010557023
31,Yucatán,79,Tekax,1,Tekax de Álvaro Obregón,557,24,106.00,3107900010557024
31,Yucatán,79,Tekax,1,Tekax de Álvaro Obregón,557,25,136.00,3107900010557025
31,Yucatán,79,Tekax,1,Tekax de Álvaro Obregón,557,26,76.00,3107900010557026
31,Yucatán,79,Tekax,1,Tekax de Álvaro Obregón,557,27,64.00,3107900010557027
31,Yucatán,79,Tekax,1,Tekax de Álvaro Obregón,557,28,84.00,3107900010557028
31,Yucatán,79,Tekax,1,Tekax de Álvaro Obregón,557,29,21.00,3107900010557029
31,Yucatán,79,Tekax,1,Tekax de Álvaro Obregón,557,30,71.00,3107900010557030
31,Yucatán,79,Tekax,1,Tekax de Álvaro Obregón,557,31,30.00,3107900010557031
31,Yucatán,79,Tekax,1,Tekax de Álvaro Obregón,557,32,92.00,3107900010557032
31,Yucatán,79,Tekax,1,Tekax de Álvaro Obregón,557,33,96.00,3107900010557033
31,Yucatán,79,Tekax,1,Tekax de Álvaro Obregón,557,34,82.00,3107900010557034
31,Yucatán,79,Tekax,1,Tekax de Álvaro Obregón,557,35,34.00,3107900010557035
31,Yucatán,79,Tekax,1,Tekax de Álvaro Obregón,557,36,57.00,3107900010557036
31,Yucatán,79,Tekax,1,Tekax de Álvaro Obregón,557,37,126.00,3107900010557037
31,Yucatán,79,Tekax,1,Tekax de Álvaro Obregón,557,38,73.00,3107900010557038
31,Yucatán,79,Tekax,1,Tekax de Álvaro Obregón,557,39,1.00,3107900010557039
31,Yucatán,79,Tekax,1,Tekax de Álvaro Obregón,557,40,37.00,3107900010557040
31,Yucatán,79,Tekax,1,Tekax de Álvaro Obregón,557,41,88.00,3107900010557041
31,Yucatán,79,Tekax,1,Tekax de Álvaro Obregón,557,42,81.00,3107900010557042
31,Yucatán,79,Tekax,1,Tekax de Álvaro Obregón,557,43,9.00,3107900010557043
31,Yucatán,79,Tekax,1,Tekax de Álvaro Obregón,557,44,58.00,3107900010557044
31,Yucatán,79,Tekax,1,Tekax de Álvaro Obregón,557,46,46.00,3107900010557046
31,Yucatán,79,Tekax,1,Tekax de Álvaro Obregón,557,47,4.00,3107900010557047
31,Yucatán,79,Tekax,1,Tekax de Álvaro Obregón,557,48,0.00,3107900010557048
31,Yucatán,79,Tekax,1,Total AGEB urbana,580,0,816.00,3107900010580000
31,Yucatán,79,Tekax,1,Tekax de Álvaro Obregón,580,1,38.00,3107900010580001
31,Yucatán,79,Tekax,1,Tekax de Álvaro Obregón,580,2,133.00,3107900010580002
31,Yucatán,79,Tekax,1,Tekax de Álvaro Obregón,580,5,39.00,3107900010580005
31,Yucatán,79,Tekax,1,Tekax de Álvaro Obregón,580,6,59.00,3107900010580006
31,Yucatán,79,Tekax,1,Tekax de Álvaro Obregón,580,7,60.00,3107900010580007
31,Yucatán,79,Tekax,1,Tekax de Álvaro Obregón,580,10,15.00,3107900010580010
31,Yucatán,79,Tekax,1,Tekax de Álvaro Obregón,580,11,35.00,3107900010580011
31,Yucatán,79,Tekax,1,Tekax de Álvaro Obregón,580,12,0.00,3107900010580012
31,Yucatán,79,Tekax,1,Tekax de Álvaro Obregón,580,13,58.00,3107900010580013
31,Yucatán,79,Tekax,1,Tekax de Álvaro Obregón,580,14,46.00,3107900010580014
31,Yucatán,79,Tekax,1,Tekax de Álvaro Obregón,580,15,0.00,3107900010580015
31,Yucatán,79,Tekax,1,Tekax de Álvaro Obregón,580,16,82.00,3107900010580016
31,Yucatán,79,Tekax,1,Tekax de Álvaro Obregón,580,17,113.00,3107900010580017
31,Yucatán,79,Tekax,1,Tekax de Álvaro Obregón,580,18,33.00,3107900010580018
31,Yucatán,79,Tekax,1,Tekax de Álvaro Obregón,580,19,29.00,3107900010580019
31,Yucatán,79,Tekax,1,Tekax de Álvaro Obregón,580,20,26.00,3107900010580020
31,Yucatán,79,Tekax,1,Tekax de Álvaro Obregón,580,21,50.00,3107900010580021
31,Yucatán,79,Tekax,1,Total AGEB urbana,595,0,419.00,3107900010595000
31,Yucatán,79,Tekax,1,Tekax de Álvaro Obregón,595,1,85.00,3107900010595001
31,Yucatán,79,Tekax,1,Tekax de Álvaro Obregón,595,2,48.00,3107900010595002
31,Yucatán,79,Tekax,1,Tekax de Álvaro Obregón,595,3,282.00,3107900010595003
31,Yucatán,79,Tekax,1,Tekax de Álvaro Obregón,595,4,4.00,3107900010595004
31,Yucatán,79,Tekax,1,Tekax de Álvaro Obregón,595,5,0.00,3107900010595005
31,Yucatán,79,Tekax,1,Tekax de Álvaro Obregón,595,6,0.00,3107900010595006
31,Yucatán,79,Tekax,1,Total AGEB urbana,612,0,119.00,3107900010612000
31,Yucatán,79,Tekax,1,Tekax de Álvaro Obregón,612,1,79.00,3107900010612001
31,Yucatán,79,Tekax,1,Tekax de Álvaro Obregón,612,3,40.00,3107900010612003
31,Yucatán,79,Tekax,1,Total AGEB urbana,627,0,648.00,3107900010627000
31,Yucatán,79,Tekax,1,Tekax de Álvaro Obregón,627,1,28.00,3107900010627001
31,Yucatán,79,Tekax,1,Tekax de Álvaro Obregón,627,2,28.00,3107900010627002
31,Yucatán,79,Tekax,1,Tekax de Álvaro Obregón,627,3,32.00,3107900010627003
31,Yucatán,79,Tekax,1,Tekax de Álvaro Obregón,627,4,91.00,3107900010627004
31,Yucatán,79,Tekax,1,Tekax de Álvaro Obregón,627,5,42.00,3107900010627005
31,Yucatán,79,Tekax,1,Tekax de Álvaro Obregón,627,6,44.00,3107900010627006
31,Yucatán,79,Tekax,1,Tekax de Álvaro Obregón,627,8,53.00,3107900010627008
31,Yucatán,79,Tekax,1,Tekax de Álvaro Obregón,627,9,37.00,3107900010627009
31,Yucatán,79,Tekax,1,Tekax de Álvaro Obregón,627,10,63.00,3107900010627010
31,Yucatán,79,Tekax,1,Tekax de Álvaro Obregón,627,11,18.00,3107900010627011
31,Yucatán,79,Tekax,1,Tekax de Álvaro Obregón,627,12,26.00,3107900010627012
31,Yucatán,79,Tekax,1,Tekax de Álvaro Obregón,627,13,50.00,3107900010627013
31,Yucatán,79,Tekax,1,Tekax de Álvaro Obregón,627,14,19.00,3107900010627014
31,Yucatán,79,Tekax,1,Tekax de Álvaro Obregón,627,15,0.00,3107900010627015
31,Yucatán,79,Tekax,1,Tekax de Álvaro Obregón,627,16,3.00,3107900010627016
31,Yucatán,79,Tekax,1,Tekax de Álvaro Obregón,627,17,1.00,3107900010627017
31,Yucatán,79,Tekax,1,Tekax de Álvaro Obregón,627,18,3.00,3107900010627018
31,Yucatán,79,Tekax,1,Tekax de Álvaro Obregón,627,19,9.00,3107900010627019
31,Yucatán,79,Tekax,1,Tekax de Álvaro Obregón,627,20,0.00,3107900010627020
31,Yucatán,79,Tekax,1,Tekax de Álvaro Obregón,627,21,0.00,3107900010627021
31,Yucatán,79,Tekax,1,Tekax de Álvaro Obregón,627,22,2.00,3107900010627022
31,Yucatán,79,Tekax,1,Tekax de Álvaro Obregón,627,23,0.00,3107900010627023
31,Yucatán,79,Tekax,1,Tekax de Álvaro Obregón,627,24,8.00,3107900010627024
31,Yucatán,79,Tekax,1,Tekax de Álvaro Obregón,627,25,49.00,3107900010627025
31,Yucatán,79,Tekax,1,Tekax de Álvaro Obregón,627,26,1.00,3107900010627026
31,Yucatán,79,Tekax,1,Tekax de Álvaro Obregón,627,27,0.00,3107900010627027
31,Yucatán,79,Tekax,1,Tekax de Álvaro Obregón,627,28,5.00,3107900010627028
31,Yucatán,79,Tekax,1,Tekax de Álvaro Obregón,627,29,8.00,3107900010627029
31,Yucatán,79,Tekax,1,Tekax de Álvaro Obregón,627,30,21.00,3107900010627030
31,Yucatán,79,Tekax,1,Tekax de Álvaro Obregón,627,31,0.00,3107900010627031
31,Yucatán,79,Tekax,1,Tekax de Álvaro Obregón,627,32,7.00,3107900010627032
31,Yucatán,79,Tekax,1,Tekax de Álvaro Obregón,627,33,0.00,3107900010627033
31,Yucatán,79,Tekax,1,Tekax de Álvaro Obregón,627,34,0.00,3107900010627034
31,Yucatán,79,Tekax,1,Tekax de Álvaro Obregón,627,800,0.00,3107900010627800
31,Yucatán,79,Tekax,1,Total AGEB urbana,631,0,18.00,3107900010631000
31,Yucatán,79,Tekax,1,Tekax de Álvaro Obregón,631,1,6.00,3107900010631001
31,Yucatán,79,Tekax,1,Tekax de Álvaro Obregón,631,2,0.00,3107900010631002
31,Yucatán,79,Tekax,1,Tekax de Álvaro Obregón,631,3,12.00,3107900010631003
31,Yucatán,79,Tekax,1,Total AGEB urbana,646,0,120.00,3107900010646000
31,Yucatán,79,Tekax,1,Tekax de Álvaro Obregón,646,1,16.00,3107900010646001
31,Yucatán,79,Tekax,1,Tekax de Álvaro Obregón,646,2,13.00,3107900010646002
31,Yucatán,79,Tekax,1,Tekax de Álvaro Obregón,646,3,40.00,3107900010646003
31,Yucatán,79,Tekax,1,Tekax de Álvaro Obregón,646,4,26.00,3107900010646004
31,Yucatán,79,Tekax,1,Tekax de Álvaro Obregón,646,6,0.00,3107900010646006
31,Yucatán,79,Tekax,1,Tekax de Álvaro Obregón,646,7,17.00,3107900010646007
31,Yucatán,79,Tekax,1,Tekax de Álvaro Obregón,646,8,8.00,3107900010646008
31,Yucatán,79,Tekax,1,Total AGEB urbana,650,0,56.00,3107900010650000
31,Yucatán,79,Tekax,1,Tekax de Álvaro Obregón,650,1,12.00,3107900010650001
31,Yucatán,79,Tekax,1,Tekax de Álvaro Obregón,650,2,23.00,3107900010650002
31,Yucatán,79,Tekax,1,Tekax de Álvaro Obregón,650,3,21.00,3107900010650003
31,Yucatán,79,Tekax,1,Tekax de Álvaro Obregón,650,4,0.00,3107900010650004
31,Yucatán,79,Tekax,1,Total AGEB urbana,067A,0,65.00,310790001067A000
31,Yucatán,79,Tekax,1,Tekax de Álvaro Obregón,067A,1,16.00,310790001067A001
31,Yucatán,79,Tekax,1,Tekax de Álvaro Obregón,067A,2,27.00,310790001067A002
31,Yucatán,79,Tekax,1,Tekax de Álvaro Obregón,067A,3,8.00,310790001067A003
31,Yucatán,79,Tekax,1,Tekax de Álvaro Obregón,067A,4,14.00,310790001067A004
31,Yucatán,79,Tekax,1,Tekax de Álvaro Obregón,067A,5,0.00,310790001067A005
31,Yucatán,79,Tekax,1,Total AGEB urbana,720,0,63.00,3107900010720000
31,Yucatán,79,Tekax,1,Tekax de Álvaro Obregón,720,1,63.00,3107900010720001
31,Yucatán,79,Tekax,1,Total AGEB urbana,735,0,35.00,3107900010735000
31,Yucatán,79,Tekax,1,Tekax de Álvaro Obregón,735,1,18.00,3107900010735001
31,Yucatán,79,Tekax,1,Tekax de Álvaro Obregón,735,2,17.00,3107900010735002
31,Yucatán,79,Tekax,1,Total AGEB urbana,074A,0,14.00,310790001074A000
31,Yucatán,79,Tekax,1,Tekax de Álvaro Obregón,074A,1,11.00,310790001074A001
31,Yucatán,79,Tekax,1,Tekax de Álvaro Obregón,074A,2,3.00,310790001074A002
31,Yucatán,79,Tekax,10,Total de la localidad urbana,0,0,3327.00,3107900100000000
31,Yucatán,79,Tekax,10,Total AGEB urbana,684,0,1899.00,3107900100684000
31,Yucatán,79,Tekax,10,Kancab,684,1,58.00,3107900100684001
31,Yucatán,79,Tekax,10,Kancab,684,2,31.00,3107900100684002
31,Yucatán,79,Tekax,10,Kancab,684,3,70.00,3107900100684003
31,Yucatán,79,Tekax,10,Kancab,684,4,54.00,3107900100684004
31,Yucatán,79,Tekax,10,Kancab,684,5,58.00,3107900100684005
31,Yucatán,79,Tekax,10,Kancab,684,6,53.00,3107900100684006
31,Yucatán,79,Tekax,10,Kancab,684,7,74.00,3107900100684007
31,Yucatán,79,Tekax,10,Kancab,684,8,22.00,3107900100684008
31,Yucatán,79,Tekax,10,Kancab,684,9,33.00,3107900100684009
31,Yucatán,79,Tekax,10,Kancab,684,10,61.00,3107900100684010
31,Yucatán,79,Tekax,10,Kancab,684,11,70.00,3107900100684011
31,Yucatán,79,Tekax,10,Kancab,684,12,46.00,3107900100684012
31,Yucatán,79,Tekax,10,Kancab,684,13,73.00,3107900100684013
31,Yucatán,79,Tekax,10,Kancab,684,14,51.00,3107900100684014
31,Yucatán,79,Tekax,10,Kancab,684,15,74.00,3107900100684015
31,Yucatán,79,Tekax,10,Kancab,684,16,38.00,3107900100684016
31,Yucatán,79,Tekax,10,Kancab,684,17,0.00,3107900100684017
31,Yucatán,79,Tekax,10,Kancab,684,18,47.00,3107900100684018
31,Yucatán,79,Tekax,10,Kancab,684,19,38.00,3107900100684019
31,Yucatán,79,Tekax,10,Kancab,684,20,0.00,3107900100684020
31,Yucatán,79,Tekax,10,Kancab,684,21,55.00,3107900100684021
31,Yucatán,79,Tekax,10,Kancab,684,22,111.00,3107900100684022
31,Yucatán,79,Tekax,10,Kancab,684,23,56.00,3107900100684023
31,Yucatán,79,Tekax,10,Kancab,684,24,93.00,3107900100684024
31,Yucatán,79,Tekax,10,Kancab,684,25,94.00,3107900100684025
31,Yucatán,79,Tekax,10,Kancab,684,26,0.00,3107900100684026
31,Yucatán,79,Tekax,10,Kancab,684,27,53.00,3107900100684027
31,Yucatán,79,Tekax,10,Kancab,684,28,52.00,3107900100684028
31,Yucatán,79,Tekax,10,Kancab,684,29,25.00,3107900100684029
31,Yucatán,79,Tekax,10,Kancab,684,30,110.00,3107900100684030
31,Yucatán,79,Tekax,10,Kancab,684,31,30.00,3107900100684031
31,Yucatán,79,Tekax,10,Kancab,684,32,38.00,3107900100684032
31,Yucatán,79,Tekax,10,Kancab,684,33,11.00,3107900100684033
31,Yucatán,79,Tekax,10,Kancab,684,34,37.00,3107900100684034
31,Yucatán,79,Tekax,10,Kancab,684,35,2.00,3107900100684035
31,Yucatán,79,Tekax,10,Kancab,684,36,18.00,3107900100684036
31,Yucatán,79,Tekax,10,Kancab,684,37,62.00,3107900100684037
31,Yucatán,79,Tekax,10,Kancab,684,38,0.00,3107900100684038
31,Yucatán,79,Tekax,10,Kancab,684,39,0.00,3107900100684039
31,Yucatán,79,Tekax,10,Kancab,684,40,36.00,3107900100684040
31,Yucatán,79,Tekax,10,Kancab,684,41,52.00,3107900100684041
31,Yucatán,79,Tekax,10,Kancab,684,42,13.00,3107900100684042
31,Yucatán,79,Tekax,10,Kancab,684,43,0.00,3107900100684043
31,Yucatán,79,Tekax,10,Total AGEB urbana,699,0,1394.00,3107900100699000
31,Yucatán,79,Tekax,10,Kancab,699,1,71.00,3107900100699001
31,Yucatán,79,Tekax,10,Kancab,699,2,49.00,3107900100699002
31,Yucatán,79,Tekax,10,Kancab,699,3,75.00,3107900100699003
31,Yucatán,79,Tekax,10,Kancab,699,4,60.00,3107900100699004
31,Yucatán,79,Tekax,10,Kancab,699,5,81.00,3107900100699005
31,Yucatán,79,Tekax,10,Kancab,699,6,39.00,3107900100699006
31,Yucatán,79,Tekax,10,Kancab,699,7,67.00,3107900100699007
31,Yucatán,79,Tekax,10,Kancab,699,8,40.00,3107900100699008
31,Yucatán,79,Tekax,10,Kancab,699,9,27.00,3107900100699009
31,Yucatán,79,Tekax,10,Kancab,699,10,34.00,3107900100699010
31,Yucatán,79,Tekax,10,Kancab,699,11,79.00,3107900100699011
31,Yucatán,79,Tekax,10,Kancab,699,12,72.00,3107900100699012
31,Yucatán,79,Tekax,10,Kancab,699,13,106.00,3107900100699013
31,Yucatán,79,Tekax,10,Kancab,699,14,45.00,3107900100699014
31,Yucatán,79,Tekax,10,Kancab,699,18,3.00,3107900100699018
31,Yucatán,79,Tekax,10,Kancab,699,20,24.00,3107900100699020
31,Yucatán,79,Tekax,10,Kancab,699,21,43.00,3107900100699021
31,Yucatán,79,Tekax,10,Kancab,699,22,56.00,3107900100699022
31,Yucatán,79,Tekax,10,Kancab,699,23,40.00,3107900100699023
31,Yucatán,79,Tekax,10,Kancab,699,24,41.00,3107900100699024
31,Yucatán,79,Tekax,10,Kancab,699,25,29.00,3107900100699025
31,Yucatán,79,Tekax,10,Kancab,699,30,22.00,3107900100699030
31,Yucatán,79,Tekax,10,Kancab,699,31,14.00,3107900100699031
31,Yucatán,79,Tekax,10,Kancab,699,32,56.00,3107900100699032
31,Yucatán,79,Tekax,10,Kancab,699,33,45.00,3107900100699033
31,Yucatán,79,Tekax,10,Kancab,699,34,36.00,3107900100699034
31,Yucatán,79,Tekax,10,Kancab,699,35,25.00,3107900100699035
31,Yucatán,79,Tekax,10,Kancab,699,36,47.00,3107900100699036
31,Yucatán,79,Tekax,10,Kancab,699,37,16.00,3107900100699037
31,Yucatán,79,Tekax,10,Kancab,699,38,11.00,3107900100699038
31,Yucatán,79,Tekax,10,Kancab,699,39,12.00,3107900100699039
31,Yucatán,79,Tekax,10,Kancab,699,41,24.00,3107900100699041
31,Yucatán,79,Tekax,10,Kancab,699,42,0.00,3107900100699042
31,Yucatán,79,Tekax,10,Kancab,699,800,5.00,3107900100699800
31,Yucatán,79,Tekax,10,Total AGEB urbana,754,0,4.00,3107900100754000
31,Yucatán,79,Tekax,10,Kancab,754,1,4.00,3107900100754001
31,Yucatán,79,Tekax,10,Total AGEB urbana,769,0,30.00,3107900100769000
31,Yucatán,79,Tekax,10,Kancab,769,1,30.00,3107900100769001
